/*
SQLyog Ultimate v12.08 (32 bit)
MySQL - 5.6.42 : Database - graduationdesign
*********************************************************************
*/


/*!40101 SET NAMES utf8 */;

/*!40101 SET SQL_MODE=''*/;

/*!40014 SET @OLD_UNIQUE_CHECKS=@@UNIQUE_CHECKS, UNIQUE_CHECKS=0 */;
/*!40014 SET @OLD_FOREIGN_KEY_CHECKS=@@FOREIGN_KEY_CHECKS, FOREIGN_KEY_CHECKS=0 */;
/*!40101 SET @OLD_SQL_MODE=@@SQL_MODE, SQL_MODE='NO_AUTO_VALUE_ON_ZERO' */;
/*!40111 SET @OLD_SQL_NOTES=@@SQL_NOTES, SQL_NOTES=0 */;
CREATE DATABASE /*!32312 IF NOT EXISTS*/`graduationdesign` /*!40100 DEFAULT CHARACTER SET utf8 */;123123

USE `graduationdesign`;

/*Table structure for table `address` */

DROP TABLE IF EXISTS `address`;

CREATE TABLE `address` (
  `id` int(11) NOT NULL AUTO_INCREMENT COMMENT 'id',
  `user_id` int(11) DEFAULT NULL COMMENT '用户id',
  `address_name` varchar(200) DEFAULT NULL COMMENT '详细地址',
  `phone` varchar(15) DEFAULT NULL COMMENT '收货人手机',
  `user_name` varchar(50) DEFAULT NULL COMMENT '收货人姓名',
  PRIMARY KEY (`id`)
) ENGINE=InnoDB AUTO_INCREMENT=5 DEFAULT CHARSET=utf8;

/*Data for the table `address` */

insert  into `address`(`id`,`user_id`,`address_name`,`phone`,`user_name`) values (2,22,'四川省成都市青羊区鹏瑞利广场88号','15389831289','张三'),(3,22,'四川省成都市双流区学府大道1段225号','18564677432','李四');

/*Table structure for table `goods` */

DROP TABLE IF EXISTS `goods`;

CREATE TABLE `goods` (
  `id` int(11) NOT NULL AUTO_INCREMENT COMMENT '自增主键',
  `goods_name` varchar(50) DEFAULT NULL COMMENT '商品名',
  `goods_type` int(11) DEFAULT NULL COMMENT '商品分类',
  `status` varchar(8) DEFAULT NULL COMMENT '上架状态',
  `goods_num` int(11) DEFAULT NULL COMMENT '商品库存',
  `goods_price` double DEFAULT NULL COMMENT '商品单价',
  `goods_tally` varchar(50) DEFAULT NULL COMMENT '商品计量单位',
  `insert_time` datetime DEFAULT NULL COMMENT '初次上架时间',
  `goods_title` varchar(100) DEFAULT NULL COMMENT '商品标头',
  `goods_desc` varchar(500) DEFAULT NULL COMMENT '商品详情',
  PRIMARY KEY (`id`)
) ENGINE=InnoDB AUTO_INCREMENT=30 DEFAULT CHARSET=utf8;

/*Data for the table `goods` */

insert  into `goods`(`id`,`goods_name`,`goods_type`,`status`,`goods_num`,`goods_price`,`goods_tally`,`insert_time`,`goods_title`,`goods_desc`) values (1,'男装1',40,'10000010',200,128,'件','2019-04-11 22:53:42','质量很好的男装','物美价廉，开业促销，欢迎抢购'),(8,'小米5plus',301,'10000010',2222,22222,'22','2019-04-13 00:06:03','2','2'),(9,'小米8',301,'10000010',2333,233,'32','2019-04-13 00:06:46','323',''),(10,'名族风男装',66,'10000010',120,123,'件','2019-04-16 11:01:59','这个衣服好啊，是真的好','开业促销，第二件半价'),(11,'男装2',40,'10000010',12,2333,'件','2019-04-16 21:40:11','这是男装2的标头','这是男装2的详细介绍'),(12,'男装3',40,'10000010',12,321,'件','2019-04-16 21:40:51','这是男装3的标头','这是男装3的详细介绍\n'),(13,'男装4',40,'10000010',211,998,'件','2019-04-16 21:41:38','这是男装4的标头','这是男装4的详细介绍'),(14,'男装5',40,'10000010',12,876,'件','2019-04-16 21:42:57','这是男装5的标头','这是男装5的详细介绍'),(15,'男装6',40,'10000010',22,6673,'件','2019-04-16 21:44:07','这是男装6的标头','这是男装6的详细介绍'),(28,'花花公子7-i2',40,'10000010',23,567,'件','2019-04-17 14:29:34','花花公子2019春季爆款','这是花花公子2019春季爆款，适合成功人士'),(29,'测试男装外套1',40,'10000010',2333,223323,'件','2019-04-17 16:51:23','这是测试男装的标头','这是测试男装的详细信息');

/*Table structure for table `goods_img` */

DROP TABLE IF EXISTS `goods_img`;

CREATE TABLE `goods_img` (
  `id` int(11) NOT NULL AUTO_INCREMENT,
  `goods_id` int(11) DEFAULT NULL COMMENT '商品id',
  `url` varchar(100) DEFAULT NULL COMMENT 'url',
  PRIMARY KEY (`id`)
) ENGINE=InnoDB AUTO_INCREMENT=16 DEFAULT CHARSET=utf8;

/*Data for the table `goods_img` */

insert  into `goods_img`(`id`,`goods_id`,`url`) values (5,28,'b3232c85c79e44e9b44db0f3f519bdaa.jpg'),(6,10,'7cc3b0f694bb41da9b97aa28586a2841.jpg'),(7,11,'272f261b07c54b56ab36be6cd74d1b1d.jpg'),(8,12,'791024a6ec374b29982df0611758dca0.jpg'),(9,13,'a65ac48e0e7447bcb69b51be749647a4.jpg'),(10,14,'04d3dd71c255406796bb8bfb33914836.jpg'),(11,15,'da4cea1a4ac743bd8e1b170eee3dc66c.jpg'),(12,29,'84677b81125942f0af6085038ce47d93.jpg'),(13,29,'d5fa57c350954dbd8492e18e7c8677fb.jpg'),(14,29,'d33eda539f394070aee8ccb9b42dc1d7.jpg'),(15,29,'eaefb315386543269922bde6a9ff5c2f.jpg');

/*Table structure for table `goods_type` */

DROP TABLE IF EXISTS `goods_type`;

CREATE TABLE `goods_type` (
  `type_id` int(11) NOT NULL AUTO_INCREMENT COMMENT '商品类型id',
  `type_name` varchar(50) DEFAULT NULL COMMENT '商品类型名称',
  `sort` int(11) DEFAULT NULL COMMENT '商品类型的排序，越小越在前',
  `validity` varchar(8) DEFAULT NULL COMMENT '是否在用',
  `parent_id` int(11) DEFAULT NULL COMMENT '商品分类的父级，0代表顶级',
  `update_time` datetime DEFAULT NULL COMMENT '更新时间',
  `insert_time` datetime DEFAULT NULL COMMENT '新增时间',
  PRIMARY KEY (`type_id`)
) ENGINE=InnoDB AUTO_INCREMENT=1003 DEFAULT CHARSET=utf8;

/*Data for the table `goods_type` */

insert  into `goods_type`(`type_id`,`type_name`,`sort`,`validity`,`parent_id`,`update_time`,`insert_time`) values (2,'服装',1,'10000001',0,NULL,'2018-12-06 00:00:00'),(3,'男装',1,'10000001',2,NULL,'2018-12-06 00:00:00'),(4,'女装',2,'10000001',2,NULL,'2018-12-06 00:00:00'),(5,'内衣',3,'10000001',2,NULL,'2018-12-06 00:00:00'),(6,'冬上新',1,'10000001',4,NULL,'2018-12-06 00:00:00'),(7,'毛呢外套',2,'10000001',4,NULL,'2018-12-06 00:00:00'),(8,'羽绒服',3,'10000001',4,NULL,'2018-12-06 00:00:00'),(9,'毛衣',4,'10000001',4,NULL,'2018-12-06 00:00:00'),(10,'裤子',5,'10000001',4,NULL,'2018-12-06 00:00:00'),(11,'棉衣棉服',6,'10000001',4,NULL,'2018-12-06 00:00:00'),(12,'毛针织衫',7,'10000001',4,NULL,'2018-12-06 00:00:00'),(13,'12.12热卖',8,'10000001',4,NULL,'2018-12-06 00:00:00'),(14,'连衣裙',9,'10000001',4,NULL,'2018-12-06 00:00:00'),(15,'皮草',10,'10000001',4,NULL,'2018-12-06 00:00:00'),(16,'短外套',11,'10000001',4,NULL,'2018-12-06 00:00:00'),(17,'卫衣绒衫',12,'10000001',4,NULL,'2018-12-06 00:00:00'),(18,'半身裙',13,'10000001',4,NULL,'2018-12-06 00:00:00'),(19,'时尚套装',14,'10000001',4,NULL,'2018-12-06 00:00:00'),(20,'牛仔裤',15,'10000001',4,NULL,'2018-12-06 00:00:00'),(21,'大码女装',16,'10000001',4,NULL,'2018-12-06 00:00:00'),(22,'T恤',17,'10000001',4,NULL,'2018-12-06 00:00:00'),(23,'衬衫',18,'10000001',4,NULL,'2018-12-06 00:00:00'),(24,'红人推荐',19,'10000001',4,NULL,'2018-12-06 00:00:00'),(25,'私服名媛',20,'10000001',4,NULL,'2018-12-06 00:00:00'),(26,'OL丽人',21,'10000001',4,NULL,'2018-12-06 00:00:00'),(27,'街头潮流',22,'10000001',4,NULL,'2018-12-06 00:00:00'),(28,'日韩清新',23,'10000001',4,NULL,'2018-12-06 00:00:00'),(29,'文艺复古',24,'10000001',4,NULL,'2018-12-06 00:00:00'),(30,'原创设计',25,'10000001',4,NULL,'2018-12-06 00:00:00'),(31,'休闲裤',26,'10000001',4,NULL,'2018-12-06 00:00:00'),(32,'风衣',27,'10000001',4,NULL,'2018-12-06 00:00:00'),(33,'牛仔外套',28,'10000001',4,NULL,'2018-12-06 00:00:00'),(34,'长袖连衣裙',29,'10000001',4,NULL,'2018-12-06 00:00:00'),(35,'阔腿裤',30,'10000001',4,NULL,'2018-12-06 00:00:00'),(36,'长风衣',31,'10000001',4,NULL,'2018-12-06 00:00:00'),(37,'蕾丝衫/雪纺衫',32,'10000001',4,NULL,'2018-12-06 00:00:00'),(38,'大码外套',33,'10000001',4,NULL,'2018-12-06 00:00:00'),(39,'大码连衣裙',34,'10000001',4,NULL,'2018-12-06 00:00:00'),(40,'外套',1,'10000001',3,NULL,'2018-12-06 00:00:00'),(41,'羽绒服',2,'10000001',3,NULL,'2018-12-06 00:00:00'),(42,'棉衣',3,'10000001',3,NULL,'2018-12-06 00:00:00'),(43,'品质好物',4,'10000001',3,NULL,'2018-12-06 00:00:00'),(44,'夹克',5,'10000001',3,NULL,'2018-12-06 00:00:00'),(45,'卫衣',6,'10000001',3,NULL,'2018-12-06 00:00:00'),(46,'皮衣',7,'10000001',3,NULL,'2018-12-06 00:00:00'),(47,'衬衫',8,'10000001',3,NULL,'2018-12-06 00:00:00'),(48,'针织衫/毛衣',9,'10000001',3,NULL,'2018-12-06 00:00:00'),(49,'毛呢大衣',10,'10000001',3,NULL,'2018-12-06 00:00:00'),(50,'T恤',11,'10000001',3,NULL,'2018-12-06 00:00:00'),(51,'POLO衫',12,'10000001',3,NULL,'2018-12-06 00:00:00'),(52,'休闲裤',13,'10000001',3,NULL,'2018-12-06 00:00:00'),(53,'牛仔裤',14,'10000001',3,NULL,'2018-12-06 00:00:00'),(54,'风衣',15,'10000001',3,NULL,'2018-12-06 00:00:00'),(55,'西装',16,'10000001',3,NULL,'2018-12-06 00:00:00'),(56,'牛仔外套',17,'10000001',3,NULL,'2018-12-06 00:00:00'),(57,'棒球服',18,'10000001',3,NULL,'2018-12-06 00:00:00'),(58,'运动裤',19,'10000001',3,NULL,'2018-12-06 00:00:00'),(59,'九分裤',20,'10000001',3,NULL,'2018-12-06 00:00:00'),(60,'套装',21,'10000001',3,NULL,'2018-12-06 00:00:00'),(61,'开衫',22,'10000001',3,NULL,'2018-12-06 00:00:00'),(62,'马甲',23,'10000001',3,NULL,'2018-12-06 00:00:00'),(63,'中老年',24,'10000001',3,NULL,'2018-12-06 00:00:00'),(64,'情侣装',25,'10000001',3,NULL,'2018-12-06 00:00:00'),(65,'大码',26,'10000001',3,NULL,'2018-12-06 00:00:00'),(66,'民族风',27,'10000001',3,NULL,'2018-12-06 00:00:00'),(67,'专柜大牌',28,'10000001',3,NULL,'2018-12-06 00:00:00'),(68,'明星网红',29,'10000001',3,NULL,'2018-12-06 00:00:00'),(69,'原创设计',30,'10000001',3,NULL,'2018-12-06 00:00:00'),(70,'法式内衣',1,'10000001',5,NULL,'2018-12-06 00:00:00'),(71,'无钢圈内衣',2,'10000001',5,NULL,'2018-12-06 00:00:00'),(72,'内裤女',3,'10000001',5,NULL,'2018-12-06 00:00:00'),(73,'文胸',4,'10000001',5,NULL,'2018-12-06 00:00:00'),(74,'内裤男',5,'10000001',5,NULL,'2018-12-06 00:00:00'),(75,'长袖睡衣',6,'10000001',5,NULL,'2018-12-06 00:00:00'),(76,'睡裙',7,'10000001',5,NULL,'2018-12-06 00:00:00'),(77,'真丝睡衣',8,'10000001',5,NULL,'2018-12-06 00:00:00'),(78,'丝袜',9,'10000001',5,NULL,'2018-12-06 00:00:00'),(79,'船袜',10,'10000001',5,NULL,'2018-12-06 00:00:00'),(80,'情侣睡衣',11,'10000001',5,NULL,'2018-12-06 00:00:00'),(81,'抹胸',12,'10000001',5,NULL,'2018-12-06 00:00:00'),(82,'背心',13,'10000001',5,NULL,'2018-12-06 00:00:00'),(83,'睡袍',14,'10000001',5,NULL,'2018-12-06 00:00:00'),(84,'男士睡衣',15,'10000001',5,NULL,'2018-12-06 00:00:00'),(85,'塑身衣',16,'10000001',5,NULL,'2018-12-06 00:00:00'),(86,'内衣套装',17,'10000001',5,NULL,'2018-12-06 00:00:00'),(87,'打底裤',18,'10000001',5,NULL,'2018-12-06 00:00:00'),(88,'连体睡衣',19,'10000001',5,NULL,'2018-12-06 00:00:00'),(89,'聚拢文胸',20,'10000001',5,NULL,'2018-12-06 00:00:00'),(90,'男士袜子',21,'10000001',5,NULL,'2018-12-06 00:00:00'),(91,'棉袜女',22,'10000001',5,NULL,'2018-12-06 00:00:00'),(92,'卡通睡衣',23,'10000001',5,NULL,'2018-12-06 00:00:00'),(93,'无痕内裤',24,'10000001',5,NULL,'2018-12-06 00:00:00'),(94,'少女文胸',25,'10000001',5,NULL,'2018-12-06 00:00:00'),(95,'鞋包',2,'10000001',0,NULL,'2018-12-06 00:00:00'),(96,'鞋靴',1,'10000001',95,NULL,'2018-12-06 00:00:00'),(97,'箱包',2,'10000001',95,NULL,'2018-12-06 00:00:00'),(98,'配件',3,'10000001',95,NULL,'2018-12-06 00:00:00'),(124,'流行女鞋',1,'10000001',96,NULL,'2018-12-06 00:00:00'),(125,'好店放价',2,'10000001',96,NULL,'2018-12-06 00:00:00'),(126,'爆款清单',3,'10000001',96,NULL,'2018-12-06 00:00:00'),(127,'短靴',4,'10000001',96,NULL,'2018-12-06 00:00:00'),(128,'雪地靴',5,'10000001',96,NULL,'2018-12-06 00:00:00'),(129,'长靴',6,'10000001',96,NULL,'2018-12-06 00:00:00'),(130,'四季美鞋',7,'10000001',96,NULL,'2018-12-06 00:00:00'),(131,'街头风',8,'10000001',96,NULL,'2018-12-06 00:00:00'),(132,'红人同款',9,'10000001',96,NULL,'2018-12-06 00:00:00'),(133,'名媛范',10,'10000001',96,NULL,'2018-12-06 00:00:00'),(134,'通勤风',11,'10000001',96,NULL,'2018-12-06 00:00:00'),(135,'运动风',12,'10000001',96,NULL,'2018-12-06 00:00:00'),(136,'文艺风',13,'10000001',96,NULL,'2018-12-06 00:00:00'),(137,'潮靴',14,'10000001',96,NULL,'2018-12-06 00:00:00'),(138,'冬上新',15,'10000001',96,NULL,'2018-12-06 00:00:00'),(139,'冬爆卖',16,'10000001',96,NULL,'2018-12-06 00:00:00'),(140,'毛毛鞋',17,'10000001',96,NULL,'2018-12-06 00:00:00'),(141,'高跟鞋',18,'10000001',96,NULL,'2018-12-06 00:00:00'),(142,'厚底鞋',19,'10000001',96,NULL,'2018-12-06 00:00:00'),(143,'平底低跟',20,'10000001',96,NULL,'2018-12-06 00:00:00'),(144,'尖头',21,'10000001',96,NULL,'2018-12-06 00:00:00'),(145,'粗跟',22,'10000001',96,NULL,'2018-12-06 00:00:00'),(146,'细跟',23,'10000001',96,NULL,'2018-12-06 00:00:00'),(147,'男鞋',24,'10000001',96,NULL,'2018-12-06 00:00:00'),(148,'休闲鞋',25,'10000001',96,NULL,'2018-12-06 00:00:00'),(149,'板鞋',26,'10000001',96,NULL,'2018-12-06 00:00:00'),(150,'帆布鞋',27,'10000001',96,NULL,'2018-12-06 00:00:00'),(151,'运动风',28,'10000001',96,NULL,'2018-12-06 00:00:00'),(152,'豆豆鞋',29,'10000001',96,NULL,'2018-12-06 00:00:00'),(153,'乐福鞋',30,'10000001',96,NULL,'2018-12-06 00:00:00'),(154,'雕花布洛克',31,'10000001',96,NULL,'2018-12-06 00:00:00'),(155,'船鞋',32,'10000001',96,NULL,'2018-12-06 00:00:00'),(156,'增高鞋',33,'10000001',96,NULL,'2018-12-06 00:00:00'),(157,'正装商务',34,'10000001',96,NULL,'2018-12-06 00:00:00'),(158,'户外休闲',35,'10000001',96,NULL,'2018-12-06 00:00:00'),(159,'爸爸鞋',36,'10000001',96,NULL,'2018-12-06 00:00:00'),(160,'德比鞋',37,'10000001',96,NULL,'2018-12-06 00:00:00'),(161,'孟克鞋',38,'10000001',96,NULL,'2018-12-06 00:00:00'),(162,'布鞋',39,'10000001',96,NULL,'2018-12-06 00:00:00'),(163,'女包',1,'10000001',97,NULL,'2018-12-06 00:00:00'),(164,'骚包',2,'10000001',97,NULL,'2018-12-06 00:00:00'),(165,'双肩包',3,'10000001',97,NULL,'2018-12-06 00:00:00'),(166,'男包',4,'10000001',97,NULL,'2018-12-06 00:00:00'),(167,'旅行箱',5,'10000001',97,NULL,'2018-12-06 00:00:00'),(168,'钱包',6,'10000001',97,NULL,'2018-12-06 00:00:00'),(169,'真皮包',7,'10000001',97,NULL,'2018-12-06 00:00:00'),(170,'大牌',8,'10000001',97,NULL,'2018-12-06 00:00:00'),(171,'宽肩带',9,'10000001',97,NULL,'2018-12-06 00:00:00'),(172,'小方包',10,'10000001',97,NULL,'2018-12-06 00:00:00'),(173,'水桶包',11,'10000001',97,NULL,'2018-12-06 00:00:00'),(174,'迷你包',12,'10000001',97,NULL,'2018-12-06 00:00:00'),(175,'链条包',13,'10000001',97,NULL,'2018-12-06 00:00:00'),(176,'贝壳包',14,'10000001',97,NULL,'2018-12-06 00:00:00'),(177,'波士顿包',15,'10000001',97,NULL,'2018-12-06 00:00:00'),(178,'手拿包',16,'10000001',97,NULL,'2018-12-06 00:00:00'),(179,'单肩包',17,'10000001',97,NULL,'2018-12-06 00:00:00'),(180,'手提包',18,'10000001',97,NULL,'2018-12-06 00:00:00'),(181,'斜挎包',19,'10000001',97,NULL,'2018-12-06 00:00:00'),(182,'零钱包',20,'10000001',97,NULL,'2018-12-06 00:00:00'),(183,'妈妈包',21,'10000001',97,NULL,'2018-12-06 00:00:00'),(184,'欧美潮搭',22,'10000001',97,NULL,'2018-12-06 00:00:00'),(185,'日韩流行',23,'10000001',97,NULL,'2018-12-06 00:00:00'),(186,'青春学院',24,'10000001',97,NULL,'2018-12-06 00:00:00'),(187,'男士商务',25,'10000001',97,NULL,'2018-12-06 00:00:00'),(188,'雅痞休闲',26,'10000001',97,NULL,'2018-12-06 00:00:00'),(189,'拉杆箱',27,'10000001',97,NULL,'2018-12-06 00:00:00'),(190,'腰包',28,'10000001',97,NULL,'2018-12-06 00:00:00'),(191,'胸包',29,'10000001',97,NULL,'2018-12-06 00:00:00'),(192,'手工皮具',30,'10000001',97,NULL,'2018-12-06 00:00:00'),(193,'帽子',1,'10000001',98,NULL,'2018-12-06 00:00:00'),(194,'贝雷帽',2,'10000001',98,NULL,'2018-12-06 00:00:00'),(195,'渔夫帽',3,'10000001',98,NULL,'2018-12-06 00:00:00'),(196,'鸭舌帽',4,'10000001',98,NULL,'2018-12-06 00:00:00'),(197,'礼帽',5,'10000001',98,NULL,'2018-12-06 00:00:00'),(198,'草帽',6,'10000001',98,NULL,'2018-12-06 00:00:00'),(199,'爵士帽',7,'10000001',98,NULL,'2018-12-06 00:00:00'),(200,'盆帽',8,'10000001',98,NULL,'2018-12-06 00:00:00'),(201,'八角帽',9,'10000001',98,NULL,'2018-12-06 00:00:00'),(202,'丝巾',10,'10000001',98,NULL,'2018-12-06 00:00:00'),(203,'披肩',11,'10000001',98,NULL,'2018-12-06 00:00:00'),(204,'真丝围巾',12,'10000001',98,NULL,'2018-12-06 00:00:00'),(205,'棉麻围巾',13,'10000001',98,NULL,'2018-12-06 00:00:00'),(206,'方巾',14,'10000001',98,NULL,'2018-12-06 00:00:00'),(207,'手套',15,'10000001',98,NULL,'2018-12-06 00:00:00'),(208,'真皮手套',16,'10000001',98,NULL,'2018-12-06 00:00:00'),(209,'触屏手套',17,'10000001',98,NULL,'2018-12-06 00:00:00'),(210,'半指手套',18,'10000001',98,NULL,'2018-12-06 00:00:00'),(211,'全指手套',19,'10000001',98,NULL,'2018-12-06 00:00:00'),(212,'真皮腰带',20,'10000001',98,NULL,'2018-12-06 00:00:00'),(213,'腰带',21,'10000001',98,NULL,'2018-12-06 00:00:00'),(214,'手工皮带',22,'10000001',98,NULL,'2018-12-06 00:00:00'),(215,'玩具',3,'10000001',0,NULL,'2018-12-06 00:00:00'),(217,'童装玩具',1,'10000001',215,NULL,'2018-12-06 00:00:00'),(218,'孕产',2,'10000001',215,NULL,'2018-12-06 00:00:00'),(219,'用品',3,'10000001',215,NULL,'2018-12-06 00:00:00'),(220,'连衣裙',1,'10000001',217,NULL,'2018-12-06 00:00:00'),(221,'保暖连体',2,'10000001',217,NULL,'2018-12-06 00:00:00'),(222,'裤子',3,'10000001',217,NULL,'2018-12-06 00:00:00'),(223,'羽绒',4,'10000001',217,NULL,'2018-12-06 00:00:00'),(224,'居家睡衣',5,'10000001',217,NULL,'2018-12-06 00:00:00'),(225,'针织',6,'10000001',217,NULL,'2018-12-06 00:00:00'),(226,'帽子',7,'10000001',217,NULL,'2018-12-06 00:00:00'),(227,'亲子装',8,'10000001',217,NULL,'2018-12-06 00:00:00'),(228,'童鞋',9,'10000001',217,NULL,'2018-12-06 00:00:00'),(229,'学步鞋',10,'10000001',217,NULL,'2018-12-06 00:00:00'),(230,'女童运动鞋',11,'10000001',217,NULL,'2018-12-06 00:00:00'),(231,'男童运动鞋',12,'10000001',217,NULL,'2018-12-06 00:00:00'),(232,'毛毛虫童鞋',13,'10000001',217,NULL,'2018-12-06 00:00:00'),(233,'雪地靴',14,'10000001',217,NULL,'2018-12-06 00:00:00'),(234,'马丁靴',15,'10000001',217,NULL,'2018-12-06 00:00:00'),(235,'长靴',16,'10000001',217,NULL,'2018-12-06 00:00:00'),(236,'玩具',17,'10000001',217,NULL,'2018-12-06 00:00:00'),(237,'积木',18,'10000001',217,NULL,'2018-12-06 00:00:00'),(238,'毛绒玩具',19,'10000001',217,NULL,'2018-12-06 00:00:00'),(239,'早教',20,'10000001',217,NULL,'2018-12-06 00:00:00'),(240,'儿童自行车',21,'10000001',217,NULL,'2018-12-06 00:00:00'),(241,'电动童车',22,'10000001',217,NULL,'2018-12-06 00:00:00'),(242,'遥控模型',23,'10000001',217,NULL,'2018-12-06 00:00:00'),(243,'户外玩具',24,'10000001',217,NULL,'2018-12-06 00:00:00'),(244,'亲子玩具',25,'10000001',217,NULL,'2018-12-06 00:00:00'),(245,'学习用品',26,'10000001',217,NULL,'2018-12-06 00:00:00'),(246,'描红本',27,'10000001',217,NULL,'2018-12-06 00:00:00'),(247,'美妈大衣',1,'10000001',218,NULL,'2018-12-06 00:00:00'),(248,'孕妇裤',2,'10000001',218,NULL,'2018-12-06 00:00:00'),(249,'月子服',3,'10000001',218,NULL,'2018-12-06 00:00:00'),(250,'哺乳文胸',4,'10000001',218,NULL,'2018-12-06 00:00:00'),(251,'吸奶器',5,'10000001',218,NULL,'2018-12-06 00:00:00'),(252,'防辐射',6,'10000001',218,NULL,'2018-12-06 00:00:00'),(253,'孕妇内裤',7,'10000001',218,NULL,'2018-12-06 00:00:00'),(254,'连衣裙',8,'10000001',218,NULL,'2018-12-06 00:00:00'),(255,'待产包',9,'10000001',218,NULL,'2018-12-06 00:00:00'),(256,'孕妇牛仔裤',10,'10000001',218,NULL,'2018-12-06 00:00:00'),(257,'孕妇营养品',11,'10000001',218,NULL,'2018-12-06 00:00:00'),(258,'防溢乳垫',12,'10000001',218,NULL,'2018-12-06 00:00:00'),(259,'美德乐',13,'10000001',218,NULL,'2018-12-06 00:00:00'),(260,'十月妈咪',14,'10000001',218,NULL,'2018-12-06 00:00:00'),(261,'三洋',15,'10000001',218,NULL,'2018-12-06 00:00:00'),(262,'Bravado',16,'10000001',218,NULL,'2018-12-06 00:00:00'),(263,'新生儿',17,'10000001',218,NULL,'2018-12-06 00:00:00'),(264,'婴儿床',18,'10000001',218,NULL,'2018-12-06 00:00:00'),(265,'婴儿推车',19,'10000001',218,NULL,'2018-12-06 00:00:00'),(266,'睡袋',20,'10000001',218,NULL,'2018-12-06 00:00:00'),(267,'抱被',21,'10000001',218,NULL,'2018-12-06 00:00:00'),(268,'隔尿垫',22,'10000001',218,NULL,'2018-12-06 00:00:00'),(269,'学步车',23,'10000001',218,NULL,'2018-12-06 00:00:00'),(270,'安抚奶嘴',24,'10000001',218,NULL,'2018-12-06 00:00:00'),(271,'体温计',25,'10000001',218,NULL,'2018-12-06 00:00:00'),(272,'纸尿裤',26,'10000001',218,NULL,'2018-12-06 00:00:00'),(273,'花王',27,'10000001',218,NULL,'2018-12-06 00:00:00'),(274,'洗衣液',28,'10000001',218,NULL,'2018-12-06 00:00:00'),(275,'湿巾',29,'10000001',218,NULL,'2018-12-06 00:00:00'),(276,'爱他美',1,'10000001',219,NULL,'2018-12-06 00:00:00'),(277,'羊奶粉',2,'10000001',219,NULL,'2018-12-06 00:00:00'),(278,'特殊配方奶粉',3,'10000001',219,NULL,'2018-12-06 00:00:00'),(279,'喜宝',4,'10000001',219,NULL,'2018-12-06 00:00:00'),(280,'惠氏',5,'10000001',219,NULL,'2018-12-06 00:00:00'),(281,'启赋',6,'10000001',219,NULL,'2018-12-06 00:00:00'),(282,'牛栏',7,'10000001',219,NULL,'2018-12-06 00:00:00'),(283,'美素佳儿',8,'10000001',219,NULL,'2018-12-06 00:00:00'),(284,'贝因美',9,'10000001',219,NULL,'2018-12-06 00:00:00'),(285,'雅培',10,'10000001',219,NULL,'2018-12-06 00:00:00'),(286,'美赞臣',11,'10000001',219,NULL,'2018-12-06 00:00:00'),(287,'可瑞康',12,'10000001',219,NULL,'2018-12-06 00:00:00'),(288,'a2',13,'10000001',219,NULL,'2018-12-06 00:00:00'),(289,'嘉宝',14,'10000001',219,NULL,'2018-12-06 00:00:00'),(290,'美林',15,'10000001',219,NULL,'2018-12-06 00:00:00'),(291,'米粉',16,'10000001',219,NULL,'2018-12-06 00:00:00'),(292,'泡芙',17,'10000001',219,NULL,'2018-12-06 00:00:00'),(293,'溶溶豆',18,'10000001',219,NULL,'2018-12-06 00:00:00'),(294,'肉肠',19,'10000001',219,NULL,'2018-12-06 00:00:00'),(295,'果肉条',20,'10000001',219,NULL,'2018-12-06 00:00:00'),(296,'奶片',21,'10000001',219,NULL,'2018-12-06 00:00:00'),(297,'益生菌',22,'10000001',219,NULL,'2018-12-06 00:00:00'),(298,'维生素',23,'10000001',219,NULL,'2018-12-06 00:00:00'),(299,'钙铁锌',24,'10000001',219,NULL,'2018-12-06 00:00:00'),(300,'DHA',25,'10000001',219,NULL,'2018-12-06 00:00:00'),(301,'宝宝食用油',26,'10000001',219,NULL,'2018-12-06 00:00:00'),(302,'核桃油',27,'10000001',219,NULL,'2018-12-06 00:00:00'),(303,'葡萄糖',28,'10000001',219,NULL,'2018-12-06 00:00:00'),(304,'宝宝调料',29,'10000001',219,NULL,'2018-12-06 00:00:00'),(305,'奶瓶',30,'10000001',219,NULL,'2018-12-06 00:00:00'),(306,'餐具',31,'10000001',219,NULL,'2018-12-06 00:00:00'),(307,'餐椅',32,'10000001',219,NULL,'2018-12-06 00:00:00'),(308,'暖奶器',33,'10000001',219,NULL,'2018-12-06 00:00:00'),(309,'电子数码',4,'10000001',0,NULL,'2018-12-06 00:00:00'),(310,'家电',1,'10000001',309,NULL,'2018-12-06 00:00:00'),(311,'数码',2,'10000001',309,NULL,'2018-12-06 00:00:00'),(312,'手机',3,'10000001',309,NULL,'2018-12-06 00:00:00'),(313,'淘宝速达',1,'10000001',310,NULL,'2018-12-06 00:00:00'),(314,'实体商场服务',2,'10000001',310,NULL,'2018-12-06 00:00:00'),(315,'淘火炬品牌',3,'10000001',310,NULL,'2018-12-06 00:00:00'),(316,'生活电器',4,'10000001',310,NULL,'2018-12-06 00:00:00'),(317,'厨房电器',5,'10000001',310,NULL,'2018-12-06 00:00:00'),(318,'个人护理',6,'10000001',310,NULL,'2018-12-06 00:00:00'),(319,'空气净化器',7,'10000001',310,NULL,'2018-12-06 00:00:00'),(320,'扫地机器人',8,'10000001',310,NULL,'2018-12-06 00:00:00'),(321,'吸尘器',9,'10000001',310,NULL,'2018-12-06 00:00:00'),(322,'取暖器',10,'10000001',310,NULL,'2018-12-06 00:00:00'),(323,'烤箱',11,'10000001',310,NULL,'2018-12-06 00:00:00'),(324,'豆浆机',12,'10000001',310,NULL,'2018-12-06 00:00:00'),(325,'榨汁料理',13,'10000001',310,NULL,'2018-12-06 00:00:00'),(326,'电饭煲',14,'10000001',310,NULL,'2018-12-06 00:00:00'),(327,'吹风机',15,'10000001',310,NULL,'2018-12-06 00:00:00'),(328,'足浴盆',16,'10000001',310,NULL,'2018-12-06 00:00:00'),(329,'剃须刀',17,'10000001',310,NULL,'2018-12-06 00:00:00'),(330,'卷发器',18,'10000001',310,NULL,'2018-12-06 00:00:00'),(331,'按摩器材',19,'10000001',310,NULL,'2018-12-06 00:00:00'),(332,'冬季火锅',20,'10000001',310,NULL,'2018-12-06 00:00:00'),(333,'蓝牙耳机',21,'10000001',310,NULL,'2018-12-06 00:00:00'),(334,'电暖桌',22,'10000001',310,NULL,'2018-12-06 00:00:00'),(335,'蓝牙音箱',23,'10000001',310,NULL,'2018-12-06 00:00:00'),(336,'电热毯',24,'10000001',310,NULL,'2018-12-06 00:00:00'),(337,'加湿器',25,'10000001',310,NULL,'2018-12-06 00:00:00'),(338,'暖风机',26,'10000001',310,NULL,'2018-12-06 00:00:00'),(339,'淘宝速达',1,'10000001',311,NULL,'2018-12-06 00:00:00'),(340,'淘宝火炬品牌',2,'10000001',311,NULL,'2018-12-06 00:00:00'),(341,'实体商场服务',3,'10000001',311,NULL,'2018-12-06 00:00:00'),(342,'2小时送货服务',4,'10000001',311,NULL,'2018-12-06 00:00:00'),(343,'surface平板电脑',5,'10000001',311,NULL,'2018-12-06 00:00:00'),(344,'苹果/Apple',6,'10000001',311,NULL,'2018-12-06 00:00:00'),(345,'iPad',7,'10000001',311,NULL,'2018-12-06 00:00:00'),(346,'Pro',8,'10000001',311,NULL,'2018-12-06 00:00:00'),(347,'电脑主机',9,'10000001',311,NULL,'2018-12-06 00:00:00'),(348,'数码相机',10,'10000001',311,NULL,'2018-12-06 00:00:00'),(349,'电玩动漫',11,'10000001',311,NULL,'2018-12-06 00:00:00'),(350,'单反相机',12,'10000001',311,NULL,'2018-12-06 00:00:00'),(351,'华为',13,'10000001',311,NULL,'2018-12-06 00:00:00'),(352,'MateBook',14,'10000001',311,NULL,'2018-12-06 00:00:00'),(353,'IPAD',15,'10000001',311,NULL,'2018-12-06 00:00:00'),(354,'mini4',16,'10000001',311,NULL,'2018-12-06 00:00:00'),(355,'游戏主机',17,'10000001',311,NULL,'2018-12-06 00:00:00'),(356,'鼠标键盘',18,'10000001',311,NULL,'2018-12-06 00:00:00'),(357,'无人机',19,'10000001',311,NULL,'2018-12-06 00:00:00'),(358,'二手数码',20,'10000001',311,NULL,'2018-12-06 00:00:00'),(359,'二手手机',21,'10000001',311,NULL,'2018-12-06 00:00:00'),(360,'二手笔记本',22,'10000001',311,NULL,'2018-12-06 00:00:00'),(361,'二手平板电脑',23,'10000001',311,NULL,'2018-12-06 00:00:00'),(362,'iPhone',1,'10000001',312,NULL,'2018-12-06 00:00:00'),(363,'xs',2,'10000001',312,NULL,'2018-12-06 00:00:00'),(364,'iPhone',3,'10000001',312,NULL,'2018-12-06 00:00:00'),(365,'xs',4,'10000001',312,NULL,'2018-12-06 00:00:00'),(366,'max',5,'10000001',312,NULL,'2018-12-06 00:00:00'),(367,'iPhone',6,'10000001',312,NULL,'2018-12-06 00:00:00'),(368,'xr',7,'10000001',312,NULL,'2018-12-06 00:00:00'),(369,'华为Mate20P',8,'10000001',312,NULL,'2018-12-06 00:00:00'),(370,'小米MIX3',9,'10000001',312,NULL,'2018-12-06 00:00:00'),(371,'荣耀Magic2',10,'10000001',312,NULL,'2018-12-06 00:00:00'),(372,'一加6T',11,'10000001',312,NULL,'2018-12-06 00:00:00'),(373,'黑鲨2代',12,'10000001',312,NULL,'2018-12-06 00:00:00'),(374,'努比亚X',13,'10000001',312,NULL,'2018-12-06 00:00:00'),(375,'iPhone',14,'10000001',312,NULL,'2018-12-06 00:00:00'),(376,'X',15,'10000001',312,NULL,'2018-12-06 00:00:00'),(377,'iPhone',16,'10000001',312,NULL,'2018-12-06 00:00:00'),(378,'8',17,'10000001',312,NULL,'2018-12-06 00:00:00'),(379,'OPPO',18,'10000001',312,NULL,'2018-12-06 00:00:00'),(380,'vivo',19,'10000001',312,NULL,'2018-12-06 00:00:00'),(381,'华为P20',20,'10000001',312,NULL,'2018-12-06 00:00:00'),(382,'小米',21,'10000001',312,NULL,'2018-12-06 00:00:00'),(383,'魅族',22,'10000001',312,NULL,'2018-12-06 00:00:00'),(384,'二手手机',23,'10000001',312,NULL,'2018-12-06 00:00:00'),(385,'手机以旧换新',24,'10000001',312,NULL,'2018-12-06 00:00:00'),(386,'化妆品',5,'10000001',0,NULL,'2019-04-23 00:00:00'),(387,'美妆',1,'10000001',386,NULL,'2019-04-23 00:00:00'),(388,'洗护',2,'10000001',386,NULL,'2019-04-23 00:00:00'),(389,'保健品',3,'10000001',386,NULL,'2019-04-23 00:00:00'),(390,'面膜',1,'10000001',387,NULL,'2019-04-23 00:00:00'),(391,'洁面',2,'10000001',387,NULL,'2019-04-23 00:00:00'),(392,'防晒',3,'10000001',387,NULL,'2019-04-23 00:00:00'),(393,'爽肤水',4,'10000001',387,NULL,'2019-04-23 00:00:00'),(394,'眼霜',5,'10000001',387,NULL,'2019-04-23 00:00:00'),(395,'乳液',6,'10000001',387,NULL,'2019-04-23 00:00:00'),(396,'面霜',7,'10000001',387,NULL,'2019-04-23 00:00:00'),(397,'精华',8,'10000001',387,NULL,'2019-04-23 00:00:00'),(398,'卸妆',9,'10000001',387,NULL,'2019-04-23 00:00:00'),(399,'男士护肤',10,'10000001',387,NULL,'2019-04-23 00:00:00'),(400,'眼线',11,'10000001',387,NULL,'2019-04-23 00:00:00'),(401,'粉底液',12,'10000001',387,NULL,'2019-04-23 00:00:00'),(402,'BB霜',13,'10000001',387,NULL,'2019-04-23 00:00:00'),(403,'隔离',14,'10000001',387,NULL,'2019-04-23 00:00:00'),(404,'睫毛膏',15,'10000001',387,NULL,'2019-04-23 00:00:00'),(405,'彩妆盘',16,'10000001',387,NULL,'2019-04-23 00:00:00'),(406,'唇膏',17,'10000001',387,NULL,'2019-04-23 00:00:00'),(407,'腮红',18,'10000001',387,NULL,'2019-04-23 00:00:00'),(408,'香水',19,'10000001',387,NULL,'2019-04-23 00:00:00'),(409,'精油',20,'10000001',387,NULL,'2019-04-23 00:00:00'),(410,'身体护理',21,'10000001',387,NULL,'2019-04-23 00:00:00'),(411,'丰胸',22,'10000001',387,NULL,'2019-04-23 00:00:00'),(412,'纤体',23,'10000001',387,NULL,'2019-04-23 00:00:00'),(413,'脱毛',24,'10000001',387,NULL,'2019-04-23 00:00:00'),(414,'海外直邮',25,'10000001',387,NULL,'2019-04-23 00:00:00'),(415,'洗发水',1,'10000001',388,NULL,'2019-04-23 00:00:00'),(416,'护发素',2,'10000001',388,NULL,'2019-04-23 00:00:00'),(417,'发膜',3,'10000001',388,NULL,'2019-04-23 00:00:00'),(418,'头发造型',4,'10000001',388,NULL,'2019-04-23 00:00:00'),(419,'染发膏',5,'10000001',388,NULL,'2019-04-23 00:00:00'),(420,'烫发水',6,'10000001',388,NULL,'2019-04-23 00:00:00'),(421,'假发',7,'10000001',388,NULL,'2019-04-23 00:00:00'),(422,'沐浴露',8,'10000001',388,NULL,'2019-04-23 00:00:00'),(423,'私处护理',9,'10000001',388,NULL,'2019-04-23 00:00:00'),(424,'身体乳液',10,'10000001',388,NULL,'2019-04-23 00:00:00'),(425,'牙膏',11,'10000001',388,NULL,'2019-04-23 00:00:00'),(426,'牙刷',12,'10000001',388,NULL,'2019-04-23 00:00:00'),(427,'漱口水',13,'10000001',388,NULL,'2019-04-23 00:00:00'),(428,'足浴',14,'10000001',388,NULL,'2019-04-23 00:00:00'),(429,'足贴',15,'10000001',388,NULL,'2019-04-23 00:00:00'),(430,'洗手液',16,'10000001',388,NULL,'2019-04-23 00:00:00'),(431,'卫生巾',17,'10000001',388,NULL,'2019-04-23 00:00:00'),(432,'成人纸尿裤',18,'10000001',388,NULL,'2019-04-23 00:00:00'),(433,'抽纸',19,'10000001',388,NULL,'2019-04-23 00:00:00'),(434,'卷纸',20,'10000001',388,NULL,'2019-04-23 00:00:00'),(435,'洗衣液',21,'10000001',388,NULL,'2019-04-23 00:00:00'),(436,'清洁剂',22,'10000001',388,NULL,'2019-04-23 00:00:00'),(437,'厨房清洁',23,'10000001',388,NULL,'2019-04-23 00:00:00'),(438,'家私/皮具护理',24,'10000001',388,NULL,'2019-04-23 00:00:00'),(439,'香薰',25,'10000001',388,NULL,'2019-04-23 00:00:00'),(440,'B族维生素',1,'10000001',389,NULL,'2019-04-23 00:00:00'),(441,'葡萄籽',2,'10000001',389,NULL,'2019-04-23 00:00:00'),(442,'辅酶Q10',3,'10000001',389,NULL,'2019-04-23 00:00:00'),(443,'消化酶',4,'10000001',389,NULL,'2019-04-23 00:00:00'),(444,'软骨素',5,'10000001',389,NULL,'2019-04-23 00:00:00'),(445,'维生素C',6,'10000001',389,NULL,'2019-04-23 00:00:00'),(446,'钙',7,'10000001',389,NULL,'2019-04-23 00:00:00'),(447,'大豆异黄酮',8,'10000001',389,NULL,'2019-04-23 00:00:00'),(448,'益生菌',9,'10000001',389,NULL,'2019-04-23 00:00:00'),(449,'鱼油',10,'10000001',389,NULL,'2019-04-23 00:00:00'),(450,'氨基葡萄糖',11,'10000001',389,NULL,'2019-04-23 00:00:00'),(451,'葡萄籽',12,'10000001',389,NULL,'2019-04-23 00:00:00'),(452,'生物素',13,'10000001',389,NULL,'2019-04-23 00:00:00'),(453,'玛咖（玛卡）',14,'10000001',389,NULL,'2019-04-23 00:00:00'),(454,'酵素',15,'10000001',389,NULL,'2019-04-23 00:00:00'),(455,'螺旋藻',16,'10000001',389,NULL,'2019-04-23 00:00:00'),(456,'胶原蛋白',17,'10000001',389,NULL,'2019-04-23 00:00:00'),(457,'月见草油',18,'10000001',389,NULL,'2019-04-23 00:00:00'),(458,'DHA',19,'10000001',389,NULL,'2019-04-23 00:00:00'),(459,'蔓越莓',20,'10000001',389,NULL,'2019-04-23 00:00:00'),(460,'左旋肉碱',21,'10000001',389,NULL,'2019-04-23 00:00:00'),(461,'褪黑素',22,'10000001',389,NULL,'2019-04-23 00:00:00'),(462,'锯棕榈',23,'10000001',389,NULL,'2019-04-23 00:00:00'),(463,'户外',6,'10000001',0,NULL,'2019-04-23 00:00:00'),(464,'运动',1,'10000001',463,NULL,'2019-04-23 00:00:00'),(465,'户外',2,'10000001',463,NULL,'2019-04-23 00:00:00'),(466,'乐器',3,'10000001',463,NULL,'2019-04-23 00:00:00'),(467,'Yeezy',1,'10000001',464,NULL,'2019-04-23 00:00:00'),(468,'350',2,'10000001',464,NULL,'2019-04-23 00:00:00'),(469,'Alpha',3,'10000001',464,NULL,'2019-04-23 00:00:00'),(470,'Bounce',4,'10000001',464,NULL,'2019-04-23 00:00:00'),(471,'AJ30',5,'10000001',464,NULL,'2019-04-23 00:00:00'),(472,'Stan',6,'10000001',464,NULL,'2019-04-23 00:00:00'),(473,'Smith',7,'10000001',464,NULL,'2019-04-23 00:00:00'),(474,'大Air皮蓬',8,'10000001',464,NULL,'2019-04-23 00:00:00'),(475,'KD9',9,'10000001',464,NULL,'2019-04-23 00:00:00'),(476,'Kayano23',10,'10000001',464,NULL,'2019-04-23 00:00:00'),(477,'Sock',11,'10000001',464,NULL,'2019-04-23 00:00:00'),(478,'Dart',12,'10000001',464,NULL,'2019-04-23 00:00:00'),(479,'Hyperdunk',13,'10000001',464,NULL,'2019-04-23 00:00:00'),(480,'耐克',14,'10000001',464,NULL,'2019-04-23 00:00:00'),(481,'阿迪达斯',15,'10000001',464,NULL,'2019-04-23 00:00:00'),(482,'New',16,'10000001',464,NULL,'2019-04-23 00:00:00'),(483,'Balance',17,'10000001',464,NULL,'2019-04-23 00:00:00'),(484,'亚瑟士',18,'10000001',464,NULL,'2019-04-23 00:00:00'),(485,'Under',19,'10000001',464,NULL,'2019-04-23 00:00:00'),(486,'Armour',20,'10000001',464,NULL,'2019-04-23 00:00:00'),(487,'匡威',21,'10000001',464,NULL,'2019-04-23 00:00:00'),(488,'彪马',22,'10000001',464,NULL,'2019-04-23 00:00:00'),(489,'VANS',23,'10000001',464,NULL,'2019-04-23 00:00:00'),(490,'锐步',24,'10000001',464,NULL,'2019-04-23 00:00:00'),(491,'斯凯奇',25,'10000001',464,NULL,'2019-04-23 00:00:00'),(492,'美津浓',26,'10000001',464,NULL,'2019-04-23 00:00:00'),(493,'李宁',27,'10000001',464,NULL,'2019-04-23 00:00:00'),(494,'跑鞋',28,'10000001',464,NULL,'2019-04-23 00:00:00'),(495,'篮球鞋',29,'10000001',464,NULL,'2019-04-23 00:00:00'),(496,'复古休闲',30,'10000001',464,NULL,'2019-04-23 00:00:00'),(497,'健身',31,'10000001',464,NULL,'2019-04-23 00:00:00'),(498,'足球',32,'10000001',464,NULL,'2019-04-23 00:00:00'),(499,'羽毛球',33,'10000001',464,NULL,'2019-04-23 00:00:00'),(500,'鱼线',1,'10000001',465,NULL,'2019-04-23 00:00:00'),(501,'鱼线轮',2,'10000001',465,NULL,'2019-04-23 00:00:00'),(502,'户外鞋',3,'10000001',465,NULL,'2019-04-23 00:00:00'),(503,'登山包',4,'10000001',465,NULL,'2019-04-23 00:00:00'),(504,'帐篷',5,'10000001',465,NULL,'2019-04-23 00:00:00'),(505,'睡袋',6,'10000001',465,NULL,'2019-04-23 00:00:00'),(506,'望远镜',7,'10000001',465,NULL,'2019-04-23 00:00:00'),(507,'皮肤衣',8,'10000001',465,NULL,'2019-04-23 00:00:00'),(508,'速干衣',9,'10000001',465,NULL,'2019-04-23 00:00:00'),(509,'速干裤',10,'10000001',465,NULL,'2019-04-23 00:00:00'),(510,'手电筒',11,'10000001',465,NULL,'2019-04-23 00:00:00'),(511,'山地车',12,'10000001',465,NULL,'2019-04-23 00:00:00'),(512,'公路车',13,'10000001',465,NULL,'2019-04-23 00:00:00'),(513,'骑行服',14,'10000001',465,NULL,'2019-04-23 00:00:00'),(514,'护具',15,'10000001',465,NULL,'2019-04-23 00:00:00'),(515,'军迷用品',16,'10000001',465,NULL,'2019-04-23 00:00:00'),(516,'舞蹈体操',17,'10000001',465,NULL,'2019-04-23 00:00:00'),(517,'羽毛球',18,'10000001',465,NULL,'2019-04-23 00:00:00'),(518,'游泳',19,'10000001',465,NULL,'2019-04-23 00:00:00'),(519,'瑜伽',20,'10000001',465,NULL,'2019-04-23 00:00:00'),(520,'跑步机',21,'10000001',465,NULL,'2019-04-23 00:00:00'),(521,'健身器',22,'10000001',465,NULL,'2019-04-23 00:00:00'),(522,'烧烤架',23,'10000001',465,NULL,'2019-04-23 00:00:00'),(523,'休闲鞋',24,'10000001',465,NULL,'2019-04-23 00:00:00'),(524,'冲锋裤',25,'10000001',465,NULL,'2019-04-23 00:00:00'),(525,'单车零件',26,'10000001',465,NULL,'2019-04-23 00:00:00'),(526,'骑行装备',27,'10000001',465,NULL,'2019-04-23 00:00:00'),(527,'遮阳棚',28,'10000001',465,NULL,'2019-04-23 00:00:00'),(528,'户外手表',29,'10000001',465,NULL,'2019-04-23 00:00:00'),(529,'户外风衣',30,'10000001',465,NULL,'2019-04-23 00:00:00'),(530,'军迷套装',31,'10000001',465,NULL,'2019-04-23 00:00:00'),(531,'战术鞋',32,'10000001',465,NULL,'2019-04-23 00:00:00'),(532,'全新钢琴',1,'10000001',466,NULL,'2019-04-23 00:00:00'),(533,'二手钢琴',2,'10000001',466,NULL,'2019-04-23 00:00:00'),(534,'电钢琴',3,'10000001',466,NULL,'2019-04-23 00:00:00'),(535,'电子琴',4,'10000001',466,NULL,'2019-04-23 00:00:00'),(536,'萨克斯',5,'10000001',466,NULL,'2019-04-23 00:00:00'),(537,'尤克里里',6,'10000001',466,NULL,'2019-04-23 00:00:00'),(538,'架子鼓',7,'10000001',466,NULL,'2019-04-23 00:00:00'),(539,'小提琴',8,'10000001',466,NULL,'2019-04-23 00:00:00'),(540,'口琴',9,'10000001',466,NULL,'2019-04-23 00:00:00'),(541,'手卷钢琴',10,'10000001',466,NULL,'2019-04-23 00:00:00'),(542,'古筝',11,'10000001',466,NULL,'2019-04-23 00:00:00'),(543,'古琴',12,'10000001',466,NULL,'2019-04-23 00:00:00'),(544,'二胡',13,'10000001',466,NULL,'2019-04-23 00:00:00'),(545,'葫芦丝',14,'10000001',466,NULL,'2019-04-23 00:00:00'),(546,'陶笛',15,'10000001',466,NULL,'2019-04-23 00:00:00'),(547,'琵琶',16,'10000001',466,NULL,'2019-04-23 00:00:00'),(548,'笛子',17,'10000001',466,NULL,'2019-04-23 00:00:00'),(549,'非洲鼓',18,'10000001',466,NULL,'2019-04-23 00:00:00'),(550,'贝斯',19,'10000001',466,NULL,'2019-04-23 00:00:00'),(551,'调音器',20,'10000001',466,NULL,'2019-04-23 00:00:00'),(552,'节拍器',21,'10000001',466,NULL,'2019-04-23 00:00:00'),(553,'电吉他',22,'10000001',466,NULL,'2019-04-23 00:00:00'),(554,'电箱吉他',23,'10000001',466,NULL,'2019-04-23 00:00:00'),(555,'乐器音箱',24,'10000001',466,NULL,'2019-04-23 00:00:00'),(556,'电子鼓',25,'10000001',466,NULL,'2019-04-23 00:00:00'),(557,'手风琴',26,'10000001',466,NULL,'2019-04-23 00:00:00'),(558,'大提琴',27,'10000001',466,NULL,'2019-04-23 00:00:00'),(559,'合成器',28,'10000001',466,NULL,'2019-04-23 00:00:00'),(560,'乐器租赁',29,'10000001',466,NULL,'2019-04-23 00:00:00'),(561,'珠宝',7,'10000001',0,NULL,'2019-04-23 00:00:00'),(562,'珠宝',1,'10000001',561,NULL,'2019-04-23 00:00:00'),(563,'眼镜',2,'10000001',561,NULL,'2019-04-23 00:00:00'),(564,'手表',3,'10000001',561,NULL,'2019-04-23 00:00:00'),(565,'琥珀蜜蜡',1,'10000001',562,NULL,'2019-04-23 00:00:00'),(566,'翡翠手镯',2,'10000001',562,NULL,'2019-04-23 00:00:00'),(567,'钻戒',3,'10000001',562,NULL,'2019-04-23 00:00:00'),(568,'铂金',4,'10000001',562,NULL,'2019-04-23 00:00:00'),(569,'黄金首饰',5,'10000001',562,NULL,'2019-04-23 00:00:00'),(570,'高端定制',6,'10000001',562,NULL,'2019-04-23 00:00:00'),(571,'彩色宝石',7,'10000001',562,NULL,'2019-04-23 00:00:00'),(572,'珍珠',8,'10000001',562,NULL,'2019-04-23 00:00:00'),(573,'金镶玉',9,'10000001',562,NULL,'2019-04-23 00:00:00'),(574,'钻石',10,'10000001',562,NULL,'2019-04-23 00:00:00'),(575,'K金首饰',11,'10000001',562,NULL,'2019-04-23 00:00:00'),(576,'岫岩玉雕',12,'10000001',562,NULL,'2019-04-23 00:00:00'),(577,'和田籽料拍卖',13,'10000001',562,NULL,'2019-04-23 00:00:00'),(578,'裸石',14,'10000001',562,NULL,'2019-04-23 00:00:00'),(579,'翡翠玉石',15,'10000001',562,NULL,'2019-04-23 00:00:00'),(580,'一元起拍',16,'10000001',562,NULL,'2019-04-23 00:00:00'),(581,'设计师',17,'10000001',562,NULL,'2019-04-23 00:00:00'),(582,'珠宝首饰',18,'10000001',562,NULL,'2019-04-23 00:00:00'),(583,'金条',19,'10000001',562,NULL,'2019-04-23 00:00:00'),(584,'情侣对戒',20,'10000001',562,NULL,'2019-04-23 00:00:00'),(585,'琥珀原石',21,'10000001',562,NULL,'2019-04-23 00:00:00'),(586,'老坑冰种拍卖',22,'10000001',562,NULL,'2019-04-23 00:00:00'),(587,'眼镜架',1,'10000001',563,NULL,'2019-04-23 00:00:00'),(588,'3D眼镜',2,'10000001',563,NULL,'2019-04-23 00:00:00'),(589,'司机镜',3,'10000001',563,NULL,'2019-04-23 00:00:00'),(590,'防辐射眼镜',4,'10000001',563,NULL,'2019-04-23 00:00:00'),(591,'老花镜',5,'10000001',563,NULL,'2019-04-23 00:00:00'),(592,'儿童镜',6,'10000001',563,NULL,'2019-04-23 00:00:00'),(593,'色盲眼镜',7,'10000001',563,NULL,'2019-04-23 00:00:00'),(594,'无框眼镜',8,'10000001',563,NULL,'2019-04-23 00:00:00'),(595,'眼镜片',9,'10000001',563,NULL,'2019-04-23 00:00:00'),(596,'依视路',10,'10000001',563,NULL,'2019-04-23 00:00:00'),(597,'雷朋',11,'10000001',563,NULL,'2019-04-23 00:00:00'),(598,'复古眼镜',12,'10000001',563,NULL,'2019-04-23 00:00:00'),(599,'超轻眼镜',13,'10000001',563,NULL,'2019-04-23 00:00:00'),(600,'护目镜',14,'10000001',563,NULL,'2019-04-23 00:00:00'),(601,'眼镜配件',15,'10000001',563,NULL,'2019-04-23 00:00:00'),(602,'滑雪镜',16,'10000001',563,NULL,'2019-04-23 00:00:00'),(603,'超耐磨',17,'10000001',563,NULL,'2019-04-23 00:00:00'),(604,'GM眼镜',18,'10000001',563,NULL,'2019-04-23 00:00:00'),(605,'配镜服务',19,'10000001',563,NULL,'2019-04-23 00:00:00'),(606,'运动表',1,'10000001',564,NULL,'2019-04-23 00:00:00'),(607,'卡西欧',2,'10000001',564,NULL,'2019-04-23 00:00:00'),(608,'国表',3,'10000001',564,NULL,'2019-04-23 00:00:00'),(609,'时尚表',4,'10000001',564,NULL,'2019-04-23 00:00:00'),(610,'女表',5,'10000001',564,NULL,'2019-04-23 00:00:00'),(611,'儿童表',6,'10000001',564,NULL,'2019-04-23 00:00:00'),(612,'学生表',7,'10000001',564,NULL,'2019-04-23 00:00:00'),(613,'浪琴',8,'10000001',564,NULL,'2019-04-23 00:00:00'),(614,'斯沃琪表',9,'10000001',564,NULL,'2019-04-23 00:00:00'),(615,'镂空机械表',10,'10000001',564,NULL,'2019-04-23 00:00:00'),(616,'皮带表',11,'10000001',564,NULL,'2019-04-23 00:00:00'),(617,'钢带表',12,'10000001',564,NULL,'2019-04-23 00:00:00'),(618,'欧米茄',13,'10000001',564,NULL,'2019-04-23 00:00:00'),(619,'电子表',14,'10000001',564,NULL,'2019-04-23 00:00:00'),(620,'陶瓷表',15,'10000001',564,NULL,'2019-04-23 00:00:00'),(621,'瑞士表',16,'10000001',564,NULL,'2019-04-23 00:00:00'),(622,'手表放心淘',17,'10000001',564,NULL,'2019-04-23 00:00:00'),(623,'日韩腕表',18,'10000001',564,NULL,'2019-04-23 00:00:00'),(624,'情侣表',19,'10000001',564,NULL,'2019-04-23 00:00:00'),(625,'光能表',20,'10000001',564,NULL,'2019-04-23 00:00:00'),(626,'怀表',21,'10000001',564,NULL,'2019-04-23 00:00:00'),(627,'表带',22,'10000001',564,NULL,'2019-04-23 00:00:00'),(628,'手表配件',23,'10000001',564,NULL,'2019-04-23 00:00:00'),(629,'休闲',24,'10000001',564,NULL,'2019-04-23 00:00:00'),(630,'精钢',25,'10000001',564,NULL,'2019-04-23 00:00:00'),(631,'复古手表',26,'10000001',564,NULL,'2019-04-23 00:00:00'),(632,'中性手表',27,'10000001',564,NULL,'2019-04-23 00:00:00'),(633,'帆布表带',28,'10000001',564,NULL,'2019-04-23 00:00:00'),(634,'深度防水',29,'10000001',564,NULL,'2019-04-23 00:00:00'),(635,'美食',8,'10000001',0,NULL,'2019-04-23 00:00:00'),(636,'美食',1,'10000001',635,NULL,'2019-04-23 00:00:00'),(637,'生鲜',2,'10000001',635,NULL,'2019-04-23 00:00:00'),(638,'零食',3,'10000001',635,NULL,'2019-04-23 00:00:00'),(639,'牛奶',1,'10000001',636,NULL,'2019-04-23 00:00:00'),(640,'柚子茶',2,'10000001',636,NULL,'2019-04-23 00:00:00'),(641,'酸梅汤',3,'10000001',636,NULL,'2019-04-23 00:00:00'),(642,'矿泉水',4,'10000001',636,NULL,'2019-04-23 00:00:00'),(643,'酵素',5,'10000001',636,NULL,'2019-04-23 00:00:00'),(644,'藕粉',6,'10000001',636,NULL,'2019-04-23 00:00:00'),(645,'大米',7,'10000001',636,NULL,'2019-04-23 00:00:00'),(646,'小米',8,'10000001',636,NULL,'2019-04-23 00:00:00'),(647,'黄豆',9,'10000001',636,NULL,'2019-04-23 00:00:00'),(648,'火腿',10,'10000001',636,NULL,'2019-04-23 00:00:00'),(649,'香肠',11,'10000001',636,NULL,'2019-04-23 00:00:00'),(650,'木耳',12,'10000001',636,NULL,'2019-04-23 00:00:00'),(651,'枸杞',13,'10000001',636,NULL,'2019-04-23 00:00:00'),(652,'人参',14,'10000001',636,NULL,'2019-04-23 00:00:00'),(653,'石斛',15,'10000001',636,NULL,'2019-04-23 00:00:00'),(654,'雪蛤',16,'10000001',636,NULL,'2019-04-23 00:00:00'),(655,'蜂蜜',17,'10000001',636,NULL,'2019-04-23 00:00:00'),(656,'天麻花粉',18,'10000001',636,NULL,'2019-04-23 00:00:00'),(657,'铁观音',19,'10000001',636,NULL,'2019-04-23 00:00:00'),(658,'红茶',20,'10000001',636,NULL,'2019-04-23 00:00:00'),(659,'花草茶',21,'10000001',636,NULL,'2019-04-23 00:00:00'),(660,'龙井',22,'10000001',636,NULL,'2019-04-23 00:00:00'),(661,'黑茶',23,'10000001',636,NULL,'2019-04-23 00:00:00'),(662,'绿茶',24,'10000001',636,NULL,'2019-04-23 00:00:00'),(663,'鸡尾酒',25,'10000001',636,NULL,'2019-04-23 00:00:00'),(664,'精酿啤酒',26,'10000001',636,NULL,'2019-04-23 00:00:00'),(665,'洋酒',27,'10000001',636,NULL,'2019-04-23 00:00:00'),(666,'红酒',28,'10000001',636,NULL,'2019-04-23 00:00:00'),(667,'荔枝',1,'10000001',637,NULL,'2019-04-23 00:00:00'),(668,'水果',2,'10000001',637,NULL,'2019-04-23 00:00:00'),(669,'百香果',3,'10000001',637,NULL,'2019-04-23 00:00:00'),(670,'芒果',4,'10000001',637,NULL,'2019-04-23 00:00:00'),(671,'小龙虾',5,'10000001',637,NULL,'2019-04-23 00:00:00'),(672,'樱桃',6,'10000001',637,NULL,'2019-04-23 00:00:00'),(673,'榴莲',7,'10000001',637,NULL,'2019-04-23 00:00:00'),(674,'杨梅',8,'10000001',637,NULL,'2019-04-23 00:00:00'),(675,'牛排',9,'10000001',637,NULL,'2019-04-23 00:00:00'),(676,'柠檬',10,'10000001',637,NULL,'2019-04-23 00:00:00'),(677,'海参',11,'10000001',637,NULL,'2019-04-23 00:00:00'),(678,'水蜜桃',12,'10000001',637,NULL,'2019-04-23 00:00:00'),(679,'咸鸭蛋',13,'10000001',637,NULL,'2019-04-23 00:00:00'),(680,'李子',14,'10000001',637,NULL,'2019-04-23 00:00:00'),(681,'桃子',15,'10000001',637,NULL,'2019-04-23 00:00:00'),(682,'龙虾',16,'10000001',637,NULL,'2019-04-23 00:00:00'),(683,'苹果',17,'10000001',637,NULL,'2019-04-23 00:00:00'),(684,'黄桃',18,'10000001',637,NULL,'2019-04-23 00:00:00'),(685,'火龙果',19,'10000001',637,NULL,'2019-04-23 00:00:00'),(686,'波罗蜜',20,'10000001',637,NULL,'2019-04-23 00:00:00'),(687,'山竹',21,'10000001',637,NULL,'2019-04-23 00:00:00'),(688,'蓝莓',22,'10000001',637,NULL,'2019-04-23 00:00:00'),(689,'鸡胸肉',23,'10000001',637,NULL,'2019-04-23 00:00:00'),(690,'猕猴桃',24,'10000001',637,NULL,'2019-04-23 00:00:00'),(691,'三文鱼',25,'10000001',637,NULL,'2019-04-23 00:00:00'),(692,'红薯',26,'10000001',637,NULL,'2019-04-23 00:00:00'),(693,'车厘子',27,'10000001',637,NULL,'2019-04-23 00:00:00'),(694,'海鲜',28,'10000001',637,NULL,'2019-04-23 00:00:00'),(695,'冰皮月饼',1,'10000001',638,NULL,'2019-04-23 00:00:00'),(696,'零食大礼包',2,'10000001',638,NULL,'2019-04-23 00:00:00'),(697,'牛肉干',3,'10000001',638,NULL,'2019-04-23 00:00:00'),(698,'面包',4,'10000001',638,NULL,'2019-04-23 00:00:00'),(699,'辣条',5,'10000001',638,NULL,'2019-04-23 00:00:00'),(700,'红枣',6,'10000001',638,NULL,'2019-04-23 00:00:00'),(701,'核桃',7,'10000001',638,NULL,'2019-04-23 00:00:00'),(702,'饼干',8,'10000001',638,NULL,'2019-04-23 00:00:00'),(703,'巧克力',9,'10000001',638,NULL,'2019-04-23 00:00:00'),(704,'葡萄干',10,'10000001',638,NULL,'2019-04-23 00:00:00'),(705,'芒果干',11,'10000001',638,NULL,'2019-04-23 00:00:00'),(706,'绿豆糕',12,'10000001',638,NULL,'2019-04-23 00:00:00'),(707,'薯片',13,'10000001',638,NULL,'2019-04-23 00:00:00'),(708,'锅巴',14,'10000001',638,NULL,'2019-04-23 00:00:00'),(709,'海苔',15,'10000001',638,NULL,'2019-04-23 00:00:00'),(710,'月饼',16,'10000001',638,NULL,'2019-04-23 00:00:00'),(711,'蛋黄酥',17,'10000001',638,NULL,'2019-04-23 00:00:00'),(712,'猪肉脯',18,'10000001',638,NULL,'2019-04-23 00:00:00'),(713,'花生',19,'10000001',638,NULL,'2019-04-23 00:00:00'),(714,'长沙臭豆腐',20,'10000001',638,NULL,'2019-04-23 00:00:00'),(715,'瓜子',21,'10000001',638,NULL,'2019-04-23 00:00:00'),(716,'棒棒糖',22,'10000001',638,NULL,'2019-04-23 00:00:00'),(717,'糖果',23,'10000001',638,NULL,'2019-04-23 00:00:00'),(718,'手撕面包',24,'10000001',638,NULL,'2019-04-23 00:00:00'),(719,'豆干',25,'10000001',638,NULL,'2019-04-23 00:00:00'),(720,'罗汉果',26,'10000001',638,NULL,'2019-04-23 00:00:00'),(721,'开心果',27,'10000001',638,NULL,'2019-04-23 00:00:00'),(722,'山楂',28,'10000001',638,NULL,'2019-04-23 00:00:00'),(723,'全麦面包',29,'10000001',638,NULL,'2019-04-23 00:00:00'),(724,'早餐',30,'10000001',638,NULL,'2019-04-23 00:00:00'),(725,'腰果',31,'10000001',638,NULL,'2019-04-23 00:00:00'),(726,'压缩饼干',32,'10000001',638,NULL,'2019-04-23 00:00:00'),(727,'鲜花',9,'10000001',0,NULL,'2019-04-23 00:00:00'),(728,'宠物',1,'10000001',727,NULL,'2019-04-23 00:00:00'),(729,'鲜花',2,'10000001',727,NULL,'2019-04-23 00:00:00'),(730,'农资',3,'10000001',727,NULL,'2019-04-23 00:00:00'),(731,'干花',3,'10000001',729,NULL,'2019-04-23 00:00:00'),(732,'永生花',4,'10000001',729,NULL,'2019-04-23 00:00:00'),(733,'食虫植物',5,'10000001',729,NULL,'2019-04-23 00:00:00'),(734,'桌面盆栽',6,'10000001',729,NULL,'2019-04-23 00:00:00'),(735,'鲜果蓝',7,'10000001',729,NULL,'2019-04-23 00:00:00'),(736,'仿真植物',8,'10000001',729,NULL,'2019-04-23 00:00:00'),(737,'仿真蔬果',9,'10000001',729,NULL,'2019-04-23 00:00:00'),(738,'开业花篮',10,'10000001',729,NULL,'2019-04-23 00:00:00'),(739,'花瓶',11,'10000001',729,NULL,'2019-04-23 00:00:00'),(740,'绿植同城',12,'10000001',729,NULL,'2019-04-23 00:00:00'),(741,'蔬菜种子',13,'10000001',729,NULL,'2019-04-23 00:00:00'),(742,'水培花卉',14,'10000001',729,NULL,'2019-04-23 00:00:00'),(743,'苔藓景观',15,'10000001',729,NULL,'2019-04-23 00:00:00'),(744,'空气凤梨',16,'10000001',729,NULL,'2019-04-23 00:00:00'),(745,'肥料',17,'10000001',729,NULL,'2019-04-23 00:00:00'),(746,'花盆花器',18,'10000001',729,NULL,'2019-04-23 00:00:00'),(747,'花卉药剂',19,'10000001',729,NULL,'2019-04-23 00:00:00'),(748,'营养土',20,'10000001',729,NULL,'2019-04-23 00:00:00'),(749,'园艺工具',21,'10000001',729,NULL,'2019-04-23 00:00:00'),(750,'洒水壶',22,'10000001',729,NULL,'2019-04-23 00:00:00'),(751,'花架',23,'10000001',729,NULL,'2019-04-23 00:00:00'),(752,'铺面石',24,'10000001',729,NULL,'2019-04-23 00:00:00'),(753,'花卉药剂',25,'10000001',729,NULL,'2019-04-23 00:00:00'),(754,'月季',26,'10000001',729,NULL,'2019-04-23 00:00:00'),(755,'铁线莲',27,'10000001',729,NULL,'2019-04-23 00:00:00'),(756,'绣球',28,'10000001',729,NULL,'2019-04-23 00:00:00'),(757,'进口狗粮',1,'10000001',728,NULL,'2019-04-23 00:00:00'),(758,'宠物服饰',2,'10000001',728,NULL,'2019-04-23 00:00:00'),(759,'狗厕所',3,'10000001',728,NULL,'2019-04-23 00:00:00'),(760,'宠物窝',4,'10000001',728,NULL,'2019-04-23 00:00:00'),(761,'航空箱',5,'10000001',728,NULL,'2019-04-23 00:00:00'),(762,'海藻粉',6,'10000001',728,NULL,'2019-04-23 00:00:00'),(763,'羊奶粉',7,'10000001',728,NULL,'2019-04-23 00:00:00'),(764,'宠物笼',8,'10000001',728,NULL,'2019-04-23 00:00:00'),(765,'狗零食',9,'10000001',728,NULL,'2019-04-23 00:00:00'),(766,'剃毛器',10,'10000001',728,NULL,'2019-04-23 00:00:00'),(767,'营养膏',11,'10000001',728,NULL,'2019-04-23 00:00:00'),(768,'上门服务',12,'10000001',728,NULL,'2019-04-23 00:00:00'),(769,'猫砂',13,'10000001',728,NULL,'2019-04-23 00:00:00'),(770,'猫粮',14,'10000001',728,NULL,'2019-04-23 00:00:00'),(771,'猫爬架',15,'10000001',728,NULL,'2019-04-23 00:00:00'),(772,'猫砂盆',16,'10000001',728,NULL,'2019-04-23 00:00:00'),(773,'化毛膏',17,'10000001',728,NULL,'2019-04-23 00:00:00'),(774,'猫罐头',18,'10000001',728,NULL,'2019-04-23 00:00:00'),(775,'喂食器',19,'10000001',728,NULL,'2019-04-23 00:00:00'),(776,'猫抓板',20,'10000001',728,NULL,'2019-04-23 00:00:00'),(777,'猫玩具',21,'10000001',728,NULL,'2019-04-23 00:00:00'),(778,'猫笼',22,'10000001',728,NULL,'2019-04-23 00:00:00'),(779,'水草',23,'10000001',728,NULL,'2019-04-23 00:00:00'),(780,'水草泥',24,'10000001',728,NULL,'2019-04-23 00:00:00'),(781,'仿真水草',25,'10000001',728,NULL,'2019-04-23 00:00:00'),(782,'氧气泵',26,'10000001',728,NULL,'2019-04-23 00:00:00'),(783,'过滤器',27,'10000001',728,NULL,'2019-04-23 00:00:00'),(784,'鱼缸',28,'10000001',728,NULL,'2019-04-23 00:00:00'),(785,'水草灯',29,'10000001',728,NULL,'2019-04-23 00:00:00'),(786,'鱼粮',30,'10000001',728,NULL,'2019-04-23 00:00:00'),(787,'水质维护',31,'10000001',728,NULL,'2019-04-23 00:00:00'),(788,'硝化细菌',32,'10000001',728,NULL,'2019-04-23 00:00:00'),(789,'除藻剂',33,'10000001',728,NULL,'2019-04-23 00:00:00'),(790,'农药',1,'10000001',730,NULL,'2019-04-23 00:00:00'),(791,'除草剂',2,'10000001',730,NULL,'2019-04-23 00:00:00'),(792,'杀虫剂',3,'10000001',730,NULL,'2019-04-23 00:00:00'),(793,'杀菌剂',4,'10000001',730,NULL,'2019-04-23 00:00:00'),(794,'肥料',5,'10000001',730,NULL,'2019-04-23 00:00:00'),(795,'叶面肥',6,'10000001',730,NULL,'2019-04-23 00:00:00'),(796,'有机肥',7,'10000001',730,NULL,'2019-04-23 00:00:00'),(797,'新型肥料',8,'10000001',730,NULL,'2019-04-23 00:00:00'),(798,'氮肥',9,'10000001',730,NULL,'2019-04-23 00:00:00'),(799,'磷肥',10,'10000001',730,NULL,'2019-04-23 00:00:00'),(800,'钾肥',11,'10000001',730,NULL,'2019-04-23 00:00:00'),(801,'种子/种苗',12,'10000001',730,NULL,'2019-04-23 00:00:00'),(802,'粮油种',13,'10000001',730,NULL,'2019-04-23 00:00:00'),(803,'蔬菜种',14,'10000001',730,NULL,'2019-04-23 00:00:00'),(804,'果树苗',15,'10000001',730,NULL,'2019-04-23 00:00:00'),(805,'食用菌菌种',16,'10000001',730,NULL,'2019-04-23 00:00:00'),(806,'动物种苗',17,'10000001',730,NULL,'2019-04-23 00:00:00'),(807,'饲料',18,'10000001',730,NULL,'2019-04-23 00:00:00'),(808,'预混料',19,'10000001',730,NULL,'2019-04-23 00:00:00'),(809,'浓缩料',20,'10000001',730,NULL,'2019-04-23 00:00:00'),(810,'饲料添加剂',21,'10000001',730,NULL,'2019-04-23 00:00:00'),(811,'全价料',22,'10000001',730,NULL,'2019-04-23 00:00:00'),(812,'农具',23,'10000001',730,NULL,'2019-04-23 00:00:00'),(813,'农膜',24,'10000001',730,NULL,'2019-04-23 00:00:00'),(814,'农机',25,'10000001',730,NULL,'2019-04-23 00:00:00'),(815,'农配件',26,'10000001',730,NULL,'2019-04-23 00:00:00'),(816,'畜牧药品/兽药',27,'10000001',730,NULL,'2019-04-23 00:00:00'),(817,'化学药',28,'10000001',730,NULL,'2019-04-23 00:00:00'),(818,'中兽药',29,'10000001',730,NULL,'2019-04-23 00:00:00'),(819,'消毒剂',30,'10000001',730,NULL,'2019-04-23 00:00:00'),(820,'驱虫药',31,'10000001',730,NULL,'2019-04-23 00:00:00'),(821,'工具',10,'10000001',0,NULL,'2019-04-23 00:00:00'),(822,'工具',1,'10000001',821,NULL,'2019-04-23 00:00:00'),(823,'装修',2,'10000001',821,NULL,'2019-04-23 00:00:00'),(824,'建材',3,'10000001',821,NULL,'2019-04-23 00:00:00'),(825,'电钻',1,'10000001',822,NULL,'2019-04-23 00:00:00'),(826,'气钉枪',2,'10000001',822,NULL,'2019-04-23 00:00:00'),(827,'电锯',3,'10000001',822,NULL,'2019-04-23 00:00:00'),(828,'抛光机',4,'10000001',822,NULL,'2019-04-23 00:00:00'),(829,'磨砂机',5,'10000001',822,NULL,'2019-04-23 00:00:00'),(830,'修边机',6,'10000001',822,NULL,'2019-04-23 00:00:00'),(831,'焊接设备',7,'10000001',822,NULL,'2019-04-23 00:00:00'),(832,'扳手',8,'10000001',822,NULL,'2019-04-23 00:00:00'),(833,'钳子',9,'10000001',822,NULL,'2019-04-23 00:00:00'),(834,'锉、刨',10,'10000001',822,NULL,'2019-04-23 00:00:00'),(835,'打磨机',11,'10000001',822,NULL,'2019-04-23 00:00:00'),(836,'角磨机',12,'10000001',822,NULL,'2019-04-23 00:00:00'),(837,'工具组套',13,'10000001',822,NULL,'2019-04-23 00:00:00'),(838,'电锯片',14,'10000001',822,NULL,'2019-04-23 00:00:00'),(839,'电锤',15,'10000001',822,NULL,'2019-04-23 00:00:00'),(840,'云石片',16,'10000001',822,NULL,'2019-04-23 00:00:00'),(841,'电动螺丝批',17,'10000001',822,NULL,'2019-04-23 00:00:00'),(842,'测电笔',18,'10000001',822,NULL,'2019-04-23 00:00:00'),(843,'电子钳',19,'10000001',822,NULL,'2019-04-23 00:00:00'),(844,'电烙铁',20,'10000001',822,NULL,'2019-04-23 00:00:00'),(845,'电子焊接工具套装',21,'10000001',822,NULL,'2019-04-23 00:00:00'),(846,'接线板/插头',22,'10000001',822,NULL,'2019-04-23 00:00:00'),(847,'断路器',23,'10000001',822,NULL,'2019-04-23 00:00:00'),(848,'开关',24,'10000001',822,NULL,'2019-04-23 00:00:00'),(849,'布线箱',25,'10000001',822,NULL,'2019-04-23 00:00:00'),(850,'转换器',26,'10000001',822,NULL,'2019-04-23 00:00:00'),(851,'断路器',27,'10000001',822,NULL,'2019-04-23 00:00:00'),(852,'插座',28,'10000001',822,NULL,'2019-04-23 00:00:00'),(853,'底盒',29,'10000001',822,NULL,'2019-04-23 00:00:00'),(854,'电线',30,'10000001',822,NULL,'2019-04-23 00:00:00'),(855,'电工套管',31,'10000001',822,NULL,'2019-04-23 00:00:00'),(856,'监控器材及系统',32,'10000001',822,NULL,'2019-04-23 00:00:00'),(857,'防盗报警器材及系统',33,'10000001',822,NULL,'2019-04-23 00:00:00'),(858,'楼宇智能系统',34,'10000001',822,NULL,'2019-04-23 00:00:00'),(859,'全包',1,'10000001',823,NULL,'2019-04-23 00:00:00'),(860,'半包',2,'10000001',823,NULL,'2019-04-23 00:00:00'),(861,'免费设计',3,'10000001',823,NULL,'2019-04-23 00:00:00'),(862,'全套设计',4,'10000001',823,NULL,'2019-04-23 00:00:00'),(863,'优质装修公司',5,'10000001',823,NULL,'2019-04-23 00:00:00'),(864,'样板',6,'10000001',823,NULL,'2019-04-23 00:00:00'),(865,'小户型',7,'10000001',823,NULL,'2019-04-23 00:00:00'),(866,'美式风',8,'10000001',823,NULL,'2019-04-23 00:00:00'),(867,'宜家风',9,'10000001',823,NULL,'2019-04-23 00:00:00'),(868,'集成吊顶',10,'10000001',823,NULL,'2019-04-23 00:00:00'),(869,'建材优品',1,'10000001',824,NULL,'2019-04-23 00:00:00'),(870,'智能马桶',2,'10000001',824,NULL,'2019-04-23 00:00:00'),(871,'客厅灯',3,'10000001',824,NULL,'2019-04-23 00:00:00'),(872,'LED灯泡',4,'10000001',824,NULL,'2019-04-23 00:00:00'),(873,'实木地板',5,'10000001',824,NULL,'2019-04-23 00:00:00'),(874,'强化地板',6,'10000001',824,NULL,'2019-04-23 00:00:00'),(875,'仿古砖',7,'10000001',824,NULL,'2019-04-23 00:00:00'),(876,'花砖',8,'10000001',824,NULL,'2019-04-23 00:00:00'),(877,'马赛克',9,'10000001',824,NULL,'2019-04-23 00:00:00'),(878,'玻化砖',10,'10000001',824,NULL,'2019-04-23 00:00:00'),(879,'浴室柜',11,'10000001',824,NULL,'2019-04-23 00:00:00'),(880,'花洒',12,'10000001',824,NULL,'2019-04-23 00:00:00'),(881,'浴室柜套装',13,'10000001',824,NULL,'2019-04-23 00:00:00'),(882,'水槽',14,'10000001',824,NULL,'2019-04-23 00:00:00'),(883,'台上盆',15,'10000001',824,NULL,'2019-04-23 00:00:00'),(884,'毛巾杆',16,'10000001',824,NULL,'2019-04-23 00:00:00'),(885,'普通马桶',17,'10000001',824,NULL,'2019-04-23 00:00:00'),(886,'龙头',18,'10000001',824,NULL,'2019-04-23 00:00:00'),(887,'浴缸',19,'10000001',824,NULL,'2019-04-23 00:00:00'),(888,'墙纸',20,'10000001',824,NULL,'2019-04-23 00:00:00'),(889,'壁纸',21,'10000001',824,NULL,'2019-04-23 00:00:00'),(890,'墙布',22,'10000001',824,NULL,'2019-04-23 00:00:00'),(891,'背景墙',23,'10000001',824,NULL,'2019-04-23 00:00:00'),(892,'指纹锁',24,'10000001',824,NULL,'2019-04-23 00:00:00'),(893,'防盗锁',25,'10000001',824,NULL,'2019-04-23 00:00:00'),(894,'监控摄像头',26,'10000001',824,NULL,'2019-04-23 00:00:00'),(895,'开关插座',27,'10000001',824,NULL,'2019-04-23 00:00:00'),(896,'无线摄像头',28,'10000001',824,NULL,'2019-04-23 00:00:00'),(897,'门',29,'10000001',824,NULL,'2019-04-23 00:00:00'),(898,'榻榻米',30,'10000001',824,NULL,'2019-04-23 00:00:00'),(899,'家具',11,'10000001',0,NULL,'2019-04-23 00:00:00'),(900,'家具',1,'10000001',899,NULL,'2019-04-23 00:00:00'),(901,'家饰',2,'10000001',899,NULL,'2019-04-23 00:00:00'),(902,'家纺',3,'10000001',899,NULL,'2019-04-23 00:00:00'),(903,'沙发',1,'10000001',900,NULL,'2019-04-23 00:00:00'),(904,'床',2,'10000001',900,NULL,'2019-04-23 00:00:00'),(905,'高低床',3,'10000001',900,NULL,'2019-04-23 00:00:00'),(906,'餐桌',4,'10000001',900,NULL,'2019-04-23 00:00:00'),(907,'床垫',5,'10000001',900,NULL,'2019-04-23 00:00:00'),(908,'茶几',6,'10000001',900,NULL,'2019-04-23 00:00:00'),(909,'电视柜',7,'10000001',900,NULL,'2019-04-23 00:00:00'),(910,'衣柜',8,'10000001',900,NULL,'2019-04-23 00:00:00'),(911,'鞋柜',9,'10000001',900,NULL,'2019-04-23 00:00:00'),(912,'椅凳',10,'10000001',900,NULL,'2019-04-23 00:00:00'),(913,'书桌',11,'10000001',900,NULL,'2019-04-23 00:00:00'),(914,'电脑桌',12,'10000001',900,NULL,'2019-04-23 00:00:00'),(915,'坐具',13,'10000001',900,NULL,'2019-04-23 00:00:00'),(916,'现代简约',14,'10000001',900,NULL,'2019-04-23 00:00:00'),(917,'美式家具',15,'10000001',900,NULL,'2019-04-23 00:00:00'),(918,'北欧家具',16,'10000001',900,NULL,'2019-04-23 00:00:00'),(919,'中式家具',17,'10000001',900,NULL,'2019-04-23 00:00:00'),(920,'儿童家具',18,'10000001',900,NULL,'2019-04-23 00:00:00'),(921,'真皮沙发',19,'10000001',900,NULL,'2019-04-23 00:00:00'),(922,'布艺沙发',20,'10000001',900,NULL,'2019-04-23 00:00:00'),(923,'皮床',21,'10000001',900,NULL,'2019-04-23 00:00:00'),(924,'实木床',22,'10000001',900,NULL,'2019-04-23 00:00:00'),(925,'儿童床',23,'10000001',900,NULL,'2019-04-23 00:00:00'),(926,'乳胶床垫',24,'10000001',900,NULL,'2019-04-23 00:00:00'),(927,'儿童学习桌',25,'10000001',900,NULL,'2019-04-23 00:00:00'),(928,'书架',26,'10000001',900,NULL,'2019-04-23 00:00:00'),(929,'花架',27,'10000001',900,NULL,'2019-04-23 00:00:00'),(930,'椅子',28,'10000001',900,NULL,'2019-04-23 00:00:00'),(931,'电脑椅',29,'10000001',900,NULL,'2019-04-23 00:00:00'),(932,'佛山家具',30,'10000001',900,NULL,'2019-04-23 00:00:00'),(933,'窗帘',1,'10000001',901,NULL,'2019-04-23 00:00:00'),(934,'地毯',2,'10000001',901,NULL,'2019-04-23 00:00:00'),(935,'沙发垫',3,'10000001',901,NULL,'2019-04-23 00:00:00'),(936,'十字绣',4,'10000001',901,NULL,'2019-04-23 00:00:00'),(937,'桌布',5,'10000001',901,NULL,'2019-04-23 00:00:00'),(938,'地垫',6,'10000001',901,NULL,'2019-04-23 00:00:00'),(939,'抱枕',7,'10000001',901,NULL,'2019-04-23 00:00:00'),(940,'坐垫',8,'10000001',901,NULL,'2019-04-23 00:00:00'),(941,'飘窗垫',9,'10000001',901,NULL,'2019-04-23 00:00:00'),(942,'门帘',10,'10000001',901,NULL,'2019-04-23 00:00:00'),(943,'缝纫机',11,'10000001',901,NULL,'2019-04-23 00:00:00'),(944,'洗衣机罩',12,'10000001',901,NULL,'2019-04-23 00:00:00'),(945,'卷帘',13,'10000001',901,NULL,'2019-04-23 00:00:00'),(946,'珠帘',14,'10000001',901,NULL,'2019-04-23 00:00:00'),(947,'沙发巾',15,'10000001',901,NULL,'2019-04-23 00:00:00'),(948,'靠垫',16,'10000001',901,NULL,'2019-04-23 00:00:00'),(949,'空调罩',17,'10000001',901,NULL,'2019-04-23 00:00:00'),(950,'餐桌布',18,'10000001',901,NULL,'2019-04-23 00:00:00'),(951,'门垫',19,'10000001',901,NULL,'2019-04-23 00:00:00'),(952,'浴室防滑垫',20,'10000001',901,NULL,'2019-04-23 00:00:00'),(953,'茶几桌布',21,'10000001',901,NULL,'2019-04-23 00:00:00'),(954,'桌垫',22,'10000001',901,NULL,'2019-04-23 00:00:00'),(955,'装饰画',23,'10000001',901,NULL,'2019-04-23 00:00:00'),(956,'摆件',24,'10000001',901,NULL,'2019-04-23 00:00:00'),(957,'照片墙',25,'10000001',901,NULL,'2019-04-23 00:00:00'),(958,'相框',26,'10000001',901,NULL,'2019-04-23 00:00:00'),(959,'墙贴',27,'10000001',901,NULL,'2019-04-23 00:00:00'),(960,'花瓶',28,'10000001',901,NULL,'2019-04-23 00:00:00'),(961,'壁纸',29,'10000001',901,NULL,'2019-04-23 00:00:00'),(962,'挂钟',30,'10000001',901,NULL,'2019-04-23 00:00:00'),(963,'仿真花',31,'10000001',901,NULL,'2019-04-23 00:00:00'),(964,'油画',32,'10000001',901,NULL,'2019-04-23 00:00:00'),(965,'客厅装饰画',33,'10000001',901,NULL,'2019-04-23 00:00:00'),(966,'玻璃贴纸',34,'10000001',901,NULL,'2019-04-23 00:00:00'),(967,'香炉',35,'10000001',901,NULL,'2019-04-23 00:00:00'),(968,'玻璃花瓶',36,'10000001',901,NULL,'2019-04-23 00:00:00'),(969,'相框挂墙',37,'10000001',901,NULL,'2019-04-23 00:00:00'),(970,'数字油画',38,'10000001',901,NULL,'2019-04-23 00:00:00'),(971,'假花',39,'10000001',901,NULL,'2019-04-23 00:00:00'),(972,'画框',40,'10000001',901,NULL,'2019-04-23 00:00:00'),(973,'干花',41,'10000001',901,NULL,'2019-04-23 00:00:00'),(974,'夏凉被',1,'10000001',902,NULL,'2019-04-23 00:00:00'),(975,'草席',2,'10000001',902,NULL,'2019-04-23 00:00:00'),(976,'床褥',3,'10000001',902,NULL,'2019-04-23 00:00:00'),(977,'U型枕',4,'10000001',902,NULL,'2019-04-23 00:00:00'),(978,'蚊帐',5,'10000001',902,NULL,'2019-04-23 00:00:00'),(979,'凉席',6,'10000001',902,NULL,'2019-04-23 00:00:00'),(980,'天丝套件',7,'10000001',902,NULL,'2019-04-23 00:00:00'),(981,'贡缎套件',8,'10000001',902,NULL,'2019-04-23 00:00:00'),(982,'提花套件',9,'10000001',902,NULL,'2019-04-23 00:00:00'),(983,'婚庆套件',10,'10000001',902,NULL,'2019-04-23 00:00:00'),(984,'儿童套件',11,'10000001',902,NULL,'2019-04-23 00:00:00'),(985,'空调被',12,'10000001',902,NULL,'2019-04-23 00:00:00'),(986,'儿童床品',13,'10000001',902,NULL,'2019-04-23 00:00:00'),(987,'麻将凉席',14,'10000001',902,NULL,'2019-04-23 00:00:00'),(988,'四件套',15,'10000001',902,NULL,'2019-04-23 00:00:00'),(989,'毛巾被',16,'10000001',902,NULL,'2019-04-23 00:00:00'),(990,'记忆枕',17,'10000001',902,NULL,'2019-04-23 00:00:00'),(991,'老粗布',18,'10000001',902,NULL,'2019-04-23 00:00:00'),(992,'床垫',19,'10000001',902,NULL,'2019-04-23 00:00:00'),(993,'婚庆床品',20,'10000001',902,NULL,'2019-04-23 00:00:00'),(994,'床笠',21,'10000001',902,NULL,'2019-04-23 00:00:00'),(995,'蒙古包蚊帐',22,'10000001',902,NULL,'2019-04-23 00:00:00'),(996,'空调毯',23,'10000001',902,NULL,'2019-04-23 00:00:00'),(997,'枕头',24,'10000001',902,NULL,'2019-04-23 00:00:00'),(998,'宫廷蚊帐',25,'10000001',902,NULL,'2019-04-23 00:00:00'),(999,'牛皮席',26,'10000001',902,NULL,'2019-04-23 00:00:00'),(1000,'冰丝席',27,'10000001',902,NULL,'2019-04-23 00:00:00'),(1001,'竹席',28,'10000001',902,NULL,'2019-04-23 00:00:00'),(1002,'藤席',29,'10000001',902,NULL,'2019-04-23 00:00:00');

/*Table structure for table `orders` */

DROP TABLE IF EXISTS `orders`;

CREATE TABLE `orders` (
  `id` int(11) NOT NULL AUTO_INCREMENT COMMENT 'id',
  `goods_id` int(11) DEFAULT NULL COMMENT '商品id',
  `goods_name` varchar(50) DEFAULT NULL COMMENT '商品名',
  `goods_num` int(11) DEFAULT NULL COMMENT '商品数量',
  `goods_price` double DEFAULT NULL COMMENT '商品单价',
  `total_price` double DEFAULT NULL COMMENT '总价',
  `state` varchar(10) DEFAULT NULL COMMENT '订单状态',
  `address_id` int(11) DEFAULT NULL COMMENT '收货地址id',
  `address_name` varchar(200) DEFAULT NULL COMMENT '收货地址',
  `user_id` int(11) DEFAULT NULL COMMENT '用户id',
  `user_name` varchar(50) DEFAULT NULL COMMENT '用户名',
  `insert_time` datetime DEFAULT NULL COMMENT '订单创建时间',
  `leave_msg` varchar(200) DEFAULT NULL COMMENT '用户留言',
  PRIMARY KEY (`id`)
) ENGINE=InnoDB AUTO_INCREMENT=3 DEFAULT CHARSET=utf8;

/*Data for the table `orders` */

insert  into `orders`(`id`,`goods_id`,`goods_name`,`goods_num`,`goods_price`,`total_price`,`state`,`address_id`,`address_name`,`user_id`,`user_name`,`insert_time`,`leave_msg`) values (1,1,'1',1,1,1,'1',1,'1',1,'1','2019-04-22 23:54:42','(NULL)1'),(2,29,'测试男装外套1',3,223323,669969,'10000010',3,'四川省成都市双流区学府大道1段225号',22,'bob','2019-04-22 23:58:59','24354运动风格的');

/*Table structure for table `user` */

DROP TABLE IF EXISTS `user`;

CREATE TABLE `user` (
  `id` int(11) NOT NULL AUTO_INCREMENT COMMENT '自增主键',
  `username` varchar(50) NOT NULL COMMENT '用户名',
  `password` varchar(100) DEFAULT NULL COMMENT '密码',
  `status` varchar(8) DEFAULT NULL COMMENT '用户状态',
  `phone` varchar(11) DEFAULT NULL COMMENT '手机号',
  `mail` varchar(50) DEFAULT NULL COMMENT '邮箱',
  `type` varchar(8) DEFAULT NULL COMMENT '人员类型',
  `insert_time` datetime DEFAULT NULL COMMENT '注册时间',
  PRIMARY KEY (`id`)
) ENGINE=InnoDB AUTO_INCREMENT=23 DEFAULT CHARSET=utf8;

/*Data for the table `user` */

insert  into `user`(`id`,`username`,`password`,`status`,`phone`,`mail`,`type`,`insert_time`) values (17,'232453','e10adc3949ba59abbe56e057f20f883e',NULL,'432','','10000001','2019-04-10 14:10:54'),(18,'asdas','e10adc3949ba59abbe56e057f20f883e',NULL,'1234','','10000001','2019-04-10 14:10:59'),(19,'ads','e10adc3949ba59abbe56e057f20f883e',NULL,'2314','','10000002','2019-04-10 14:11:24'),(20,'jerry','202cb962ac59075b964b07152d234b70',NULL,'18483618898','',NULL,'2019-04-13 22:10:55'),(21,'jery','4297f44b13955235245b2497399d7a93',NULL,'123','123',NULL,'2019-04-13 22:11:43'),(22,'bob','e10adc3949ba59abbe56e057f20f883e',NULL,'123456','2asda','10000001','2019-04-15 20:50:46');

/*!40101 SET SQL_MODE=@OLD_SQL_MODE */;
/*!40014 SET FOREIGN_KEY_CHECKS=@OLD_FOREIGN_KEY_CHECKS */;
/*!40014 SET UNIQUE_CHECKS=@OLD_UNIQUE_CHECKS */;
/*!40111 SET SQL_NOTES=@OLD_SQL_NOTES */;
